<?xml version="1.0" encoding="utf-8" ?>
<Defs>

	<ThingDef Name="ZenBase" ParentName="BuildingBase" Abstract="True">
		<graphicData>
			<shaderType>CutoutComplex</shaderType>
			<graphicClass>Graphic_Single</graphicClass>
		</graphicData>
		<altitudeLayer>Terrain</altitudeLayer>
		<passability>PassThroughOnly</passability>
		<canOverlapZones>false</canOverlapZones>
		<pathCost>25</pathCost>
		<castEdgeShadows>false</castEdgeShadows>
		<fillPercent>0</fillPercent>
		<statBases>
			<Beauty>5</Beauty>
			<Flammability>0</Flammability>
		</statBases>
		<building>
			<isInert>true</isInert>
		</building>
		<rotatable>false</rotatable>
		<neverMultiSelect>true</neverMultiSelect>
		<designationCategory>ZEN_Decoration</designationCategory>
		<holdsRoof>false</holdsRoof>
		<blockLight>false</blockLight>
	</ThingDef>

	<ThingDef Name="ZenFountainBase" ParentName="ZenBase" Abstract="True">
		<thingClass>ZenGarden.Building_Fountain</thingClass>
		<minifiedDef>MinifiedFurniture</minifiedDef>
		<altitudeLayer>Pawn</altitudeLayer>
		<rotatable>false</rotatable>
		<graphicData>
			<graphicClass>Graphic_Single</graphicClass>
			<texPath>Cupro/Object/Fountain/Fountain</texPath>
			<shaderType>CutoutComplex</shaderType>
			<drawSize>(3,3)</drawSize>
			<damageData>
				<cornerTL>Damage/Corner</cornerTL>
				<cornerTR>Damage/Corner</cornerTR>
				<cornerBL>Damage/Corner</cornerBL>
				<cornerBR>Damage/Corner</cornerBR>
			</damageData>
		</graphicData>
		<size>(1,1)</size>
		<statBases>
			<Flammability>0</Flammability>
		</statBases>
		<stuffCategories>
			<li>Stony</li>
		</stuffCategories>
		<tickerType>Normal</tickerType>
		<comps>
			<li>
				<compClass>CompQuality</compClass>
			</li>
			<li Class="CompProperties_Art">
				<nameMaker>ArtName_Sculpture</nameMaker>
				<descriptionMaker>ArtDescription_Sculpture</descriptionMaker>
				<canBeEnjoyedAsArt>true</canBeEnjoyedAsArt>
				<minQualityForArtistic>Excellent</minQualityForArtistic>
			</li>
			<li Class="CompProperties_Flickable"/>
			<li Class="CompProperties_Power">
				<compClass>CompPowerTrader</compClass>
				<basePowerConsumption>50</basePowerConsumption>
				<shortCircuitInRain>false</shortCircuitInRain>
			</li>
		</comps>
		<inspectorTabs>
			<li>ITab_Art</li>
		</inspectorTabs>
		<researchPrerequisites>
			<li>Electricity</li>
		</researchPrerequisites>
	</ThingDef>

	<ThingDef Name="RakedBase" ParentName="BuildingBase" Abstract="True">
		<graphicData>
			<graphicClass>Graphic_Single</graphicClass>
		</graphicData>
		<altitudeLayer>Terrain</altitudeLayer>
		<passability>Standable</passability>
		<castEdgeShadows>false</castEdgeShadows>
		<fillPercent>0</fillPercent>
		<useHitPoints>false</useHitPoints>
		<coversFloor>true</coversFloor>
		<building>
			<isInert>true</isInert>
		</building>
		<rotatable>false</rotatable>
		<neverMultiSelect>true</neverMultiSelect>
		<designationCategory>ZEN_Decoration</designationCategory>
		<holdsRoof>false</holdsRoof>
		<blockLight>false</blockLight>
		<pathCost>15</pathCost>
		<statBases>
			<Beauty>3</Beauty>
			<WorkToBuild>250</WorkToBuild>
			<Flammability>0</Flammability>
		</statBases>
		<placeWorkers>
			<li>ZenGarden.PlaceWorker_OnRakeableGravel</li>
		</placeWorkers>
	</ThingDef>


	<!--==================== Base Inheritors ====================-->

	<!--=============== Misc. Objects ===============-->


	<ThingDef ParentName="FurnitureBase">
		<defName>ZEN_ScenicBench</defName>
		<label>scenic bench</label>
		<description>A simple bench for colonists to sit at to observe the surrounding beauty.</description>
		<graphicData>
			<texPath>Cupro/Object/ScenicBench/ScenicBench</texPath>
			<graphicClass>Graphic_Multi</graphicClass>
			<shadowData>
				<volume>(0.3, 0.6, 0.3)</volume>
			</shadowData>
			<damageData>
				<rectN>(0.125,0.296875,0.734375,0.421875)</rectN>
				<rectS>(0.125,0.296875,0.734375,0.421875)</rectS>
				<rectE>(0.234375,0.296875,0.5,0.546875)</rectE>
				<rectW>(0.234375,0.296875,0.5,0.546875)</rectW>
				<cornerTL>Damage/Corner</cornerTL>
				<cornerTR>Damage/Corner</cornerTR>
				<cornerBL>Damage/Corner</cornerBL>
				<cornerBR>Damage/Corner</cornerBR>
			</damageData>
		</graphicData>
		<altitudeLayer>Building</altitudeLayer>
		<designationCategory>Joy</designationCategory>
		<statBases>
			<MaxHitPoints>75</MaxHitPoints>
			<WorkToBuild>750</WorkToBuild>
			<Mass>3</Mass>
			<Flammability>1.0</Flammability>
			<Beauty>1</Beauty>
			<Comfort>0.5</Comfort>
		</statBases>
		<socialPropernessMatters>true</socialPropernessMatters>
		<stuffCategories>
			<li>Metallic</li>
			<li>Woody</li>
			<li>Stony</li>
		</stuffCategories>
		<costStuffCount>15</costStuffCount>
		<pathCost>30</pathCost>
		<fillPercent>0.30</fillPercent>
		<building>
      <isJoySource>true</isJoySource>
			<isSittable>true</isSittable>
		</building>
	</ThingDef>

	<ThingDef ParentName="BuildingBase">
		<defName>ZEN_FlowerArch</defName>
		<thingClass>ZenGarden.Building_FlowerArch</thingClass>
		<label>flower arch</label>
		<description>A decorative arch for passing through. Also goes well with a marriage spot. Vines grow when the temperature permits, and they bloom in the spring and summer.</description>
		<graphicData>
			<texPath>Cupro/Object/FlowerArch/FlowerArch_Plain</texPath>
			<graphicClass>Graphic_Single</graphicClass>
			<drawSize>(2,2)</drawSize>
		</graphicData>
		<uiIconPath>Cupro/Object/FlowerArch/FlowerArch_MenuIcon</uiIconPath>
		<drawerType>MapMeshOnly</drawerType>
		<altitudeLayer>Building</altitudeLayer>
		<rotatable>false</rotatable>
		<statBases>
			<MaxHitPoints>150</MaxHitPoints>
			<WorkToBuild>200</WorkToBuild>
		</statBases>
		<costList>
			<Steel>15</Steel>
		</costList>
		<constructEffect>ConstructMetal</constructEffect>
		<useHitPoints>False</useHitPoints>
		<size>(2,1)</size>
		<designationCategory>Misc</designationCategory>
		<passability>Standable</passability>
		<building>
			<sowTag>SupportPlantsOnly</sowTag>
			<canPlaceOverImpassablePlant>false</canPlaceOverImpassablePlant>
		</building>
	</ThingDef>

	<ThingDef ParentName="ZenBase">
		<defName>ZEN_Hedge</defName>
		<label>artificial hedge</label>
		<description>An artificial shrubbery for lining paths or walkways. Does not prevent movement.</description>
		<graphicData>
			<texPath>Cupro/Object/Linked/Hedge/HedgeAtlas</texPath>
			<shadowData>
				<volume>(1, 0.5, 1)</volume>
			</shadowData>
			<linkType>Basic</linkType>
			<linkFlags>
				<li>Sandbags</li>
			</linkFlags>
		</graphicData>
		<pathCost>70</pathCost>
		<fillPercent>0.3</fillPercent>
		<altitudeLayer>Building</altitudeLayer>
		<uiIconPath>Cupro/Object/Linked/Hedge/HedgeIcon</uiIconPath>
		<statBases>
			<MaxHitPoints>100</MaxHitPoints>
			<WorkToBuild>400</WorkToBuild>
			<Beauty>1</Beauty>
			<Flammability>1</Flammability>
		</statBases>
		<placingDraggableDimensions>1</placingDraggableDimensions>
		<costList>
			<WoodLog>3</WoodLog>
		</costList>
	</ThingDef>

	<ThingDef Name="Zen_HalfWallParent" ParentName="ZenBase">
		<defName>ZEN_Fence</defName>
		<label>half wall</label>
		<description>A small wall to line paths. Able to be climbed over.</description>
		<graphicData>
			<texPath>Cupro/Object/Linked/Fence</texPath>
			<shadowData>
				<volume>(1, 0.5, 1)</volume>
			</shadowData>
			<linkType>Basic</linkType>
			<linkFlags>
				<li>MapEdge</li>
			</linkFlags>
		</graphicData>
		<pathCost>90</pathCost>
		<fillPercent>0.65</fillPercent>
		<altitudeLayer>Building</altitudeLayer>
		<uiIconPath>Cupro/Object/Linked/FenceIcon</uiIconPath>
		<statBases>
			<MaxHitPoints>400</MaxHitPoints>
			<WorkToBuild>200</WorkToBuild>
			<Beauty>3</Beauty>
			<Flammability>0</Flammability>
		</statBases>
		<placingDraggableDimensions>1</placingDraggableDimensions>
		<stuffCategories>
			<li>Stony</li>
		</stuffCategories>
		<costStuffCount>3</costStuffCount>
	</ThingDef>

	<ThingDef ParentName="Zen_HalfWallParent">
		<defName>ZEN_BonboriFence</defName>
		<label>half wall (lantern)</label>
		<description>A small wall with a powered lantern to line and light paths. Able to be climbed over.</description>
		<graphicData>
			<texPath>Cupro/Object/Linked/BonboriFence</texPath>
			<shadowData>
				<volume>(1, 0.6, 1)</volume>
			</shadowData>
		</graphicData>
		<uiIconPath>Cupro/Object/Linked/BonboriFenceIcon</uiIconPath>
		<statBases>
			<MaxHitPoints>425</MaxHitPoints>
			<WorkToBuild>250</WorkToBuild>
			<Beauty>5</Beauty>
		</statBases>
		<costList>
			<Steel>3</Steel>
		</costList>
		<comps>
			<li Class="CompProperties_Flickable"/>
			<li Class="CompProperties_Power">
				<compClass>CompPowerTrader</compClass>
				<basePowerConsumption>35</basePowerConsumption>
				<shortCircuitInRain>false</shortCircuitInRain>
			</li>
			<li Class="CompProperties_Glower">
				<glowRadius>6</glowRadius>
				<glowColor>(217,217,208,0)</glowColor>
			</li>
		</comps>
		<researchPrerequisites>
			<li>Electricity</li>
		</researchPrerequisites>
	</ThingDef>

	<ThingDef ParentName="ZenBase">
		<defName>ZEN_Tachidoro</defName>
		<label>pedestal lantern</label>
		<description>A stone pedestal lantern for lighting outside areas.</description>
		<graphicData>
			<texPath>Cupro/Object/Tachidoro</texPath>
			<shadowData>
				<volume>(0.5, 0.75, 0.5)</volume>
			</shadowData>
		</graphicData>
		<altitudeLayer>Building</altitudeLayer>
		<passability>PassThroughOnly</passability>
		<pathCost>60</pathCost>
		<fillPercent>0.5</fillPercent>
		<statBases>
			<MaxHitPoints>400</MaxHitPoints>
			<Beauty>8</Beauty>
			<WorkToBuild>650</WorkToBuild>
			<Mass>50</Mass>
		</statBases>
		<stuffCategories>
			<li>Stony</li>
		</stuffCategories>
		<costStuffCount>45</costStuffCount>
		<terrainAffordanceNeeded>Heavy</terrainAffordanceNeeded>
		<blockLight>true</blockLight>
		<blockWind>true</blockWind>
		<minifiedDef>MinifiedSculpture</minifiedDef>
		<comps>
			<li>
				<compClass>CompQuality</compClass>
			</li>
			<li Class="CompProperties_Art">
				<nameMaker>ArtName_Sculpture</nameMaker>
				<descriptionMaker>ArtDescription_Sculpture</descriptionMaker>
				<canBeEnjoyedAsArt>true</canBeEnjoyedAsArt>
				<minQualityForArtistic>Excellent</minQualityForArtistic>
			</li>
			<li Class="CompProperties_Flickable"/>
			<li Class="CompProperties_Power">
				<compClass>CompPowerTrader</compClass>
				<basePowerConsumption>60</basePowerConsumption>
				<shortCircuitInRain>false</shortCircuitInRain>
			</li>
			<li Class="CompProperties_Glower">
				<glowRadius>12</glowRadius>
				<glowColor>(217,217,208,0)</glowColor>
			</li>
		</comps>
		<inspectorTabs>
			<li>ITab_Art</li>
		</inspectorTabs>
		<researchPrerequisites>
			<li>Electricity</li>
		</researchPrerequisites>
	</ThingDef>

	<ThingDef ParentName="ZenBase">
		<defName>ZEN_Andon</defName>
		<label>standing lantern</label>
		<description>A standing lantern made of cloth that has been stretched over a wooden frame. Perfect for lighting bedrooms.</description>
		<graphicData>
			<texPath>Cupro/Object/Andon</texPath>
			<drawSize>(3,3)</drawSize>
			<shadowData>
				<volume>(0.5, 0.75, 0.5)</volume>
			</shadowData>
		</graphicData>
		<size>(1,1)</size>
		<altitudeLayer>Building</altitudeLayer>
		<passability>PassThroughOnly</passability>
		<pathCost>60</pathCost>
		<fillPercent>0.1</fillPercent>
		<statBases>
			<MaxHitPoints>150</MaxHitPoints>
			<Beauty>15</Beauty>
			<WorkToBuild>350</WorkToBuild>
			<Mass>8</Mass>
			<Flammability>1.0</Flammability>
		</statBases>
		<stuffCategories>
			<li>Woody</li>
		</stuffCategories>
		<costStuffCount>15</costStuffCount>
		<costList>
			<Cloth>30</Cloth>
		</costList>
		<terrainAffordanceNeeded>Light</terrainAffordanceNeeded>
		<blockLight>true</blockLight>
		<blockWind>true</blockWind>
		<minifiedDef>MinifiedFurniture</minifiedDef>
		<comps>
			<li>
				<compClass>CompQuality</compClass>
			</li>
			<li Class="CompProperties_Art">
				<nameMaker>ArtName_Furniture</nameMaker>
				<descriptionMaker>ArtDescription_Furniture</descriptionMaker>
				<canBeEnjoyedAsArt>true</canBeEnjoyedAsArt>
				<minQualityForArtistic>Excellent</minQualityForArtistic>
			</li>
			<li Class="CompProperties_Flickable"/>
			<li Class="CompProperties_Power">
				<compClass>CompPowerTrader</compClass>
				<basePowerConsumption>35</basePowerConsumption>
				<shortCircuitInRain>false</shortCircuitInRain>
			</li>
			<li Class="CompProperties_Glower">
				<glowRadius>6</glowRadius>
				<glowColor>(235,225,190,0)</glowColor>
			</li>
		</comps>
		<inspectorTabs>
			<li>ITab_Art</li>
		</inspectorTabs>
		<researchPrerequisites>
			<li>Electricity</li>
		</researchPrerequisites>
	</ThingDef>

	<ThingDef Name="Zen_StackedRocksParent" ParentName="ZenBase">
		<defName>ZEN_StackedRocks</defName>
		<label>stacked rocks</label>
		<description>Rocks that are stacked on top of each other. Conveys a sense of balance.</description>
		<graphicData>
			<texPath>Cupro/Object/StackedRocks/StackedRocks</texPath>
			<drawSize>(2,2)</drawSize>
		</graphicData>
		<size>(1,1)</size>
		<altitudeLayer>Building</altitudeLayer>
		<uiIconPath>Cupro/Object/StackedRocks/StackedRocks</uiIconPath>
		<pathCost>70</pathCost>
		<statBases>
			<MaxHitPoints>500</MaxHitPoints>
			<Beauty>20</Beauty>
			<WorkToBuild>1000</WorkToBuild>
		</statBases>
		<stuffCategories>
			<li>Stony</li>
		</stuffCategories>
		<costStuffCount>20</costStuffCount>
	</ThingDef>

	<ThingDef ParentName="Zen_StackedRocksParent">
		<defName>ZEN_LargeStackedRocks</defName>
		<label>large stacked rocks</label>
		<description>Large rocks that are stacked on top of each other. Conveys a sense of balance.</description>
		<graphicData>
			<drawSize>(3,3)</drawSize>
		</graphicData>
		<size>(2,2)</size>
		<pathCost>120</pathCost>
		<statBases>
			<MaxHitPoints>750</MaxHitPoints>
			<Beauty>28</Beauty>
			<WorkToBuild>1500</WorkToBuild>
		</statBases>
		<costStuffCount>30</costStuffCount>
	</ThingDef>

	<ThingDef ParentName="ZenBase">
		<defName>ZEN_bpPillar</defName>
		<label>border path pillar</label>
		<description>An ornate pillar with an over-sized cap. Can be used to support roofs.</description>
		<graphicData>
			<texPath>Cupro/Object/BorderPathPillar/BorderPathPillar</texPath>
			<shadowData>
				<volume>(0.5, 1, 0.5)</volume>
			</shadowData>
			<linkFlags>
				<li>MapEdge</li>
			</linkFlags>
		</graphicData>
		<altitudeLayer>Building</altitudeLayer>
		<passability>Impassable</passability>
		<fillPercent>0.75</fillPercent>
		<statBases>
			<MaxHitPoints>500</MaxHitPoints>
			<Beauty>10</Beauty>
			<WorkToBuild>1000</WorkToBuild>
		</statBases>
		<coversFloor>true</coversFloor>
		<stuffCategories>
			<li>Stony</li>
		</stuffCategories>
		<costStuffCount>60</costStuffCount>
		<terrainAffordanceNeeded>Heavy</terrainAffordanceNeeded>
		<holdsRoof>true</holdsRoof>
		<blockLight>true</blockLight>
		<blockWind>true</blockWind>
	</ThingDef>

	<ThingDef ParentName="ZenFountainBase" >
		<defName>ZEN_SmallFountain</defName>
		<label>small fountain</label>
		<description>A small decorative stone fountain.</description>
		<costStuffCount>30</costStuffCount>
		<statBases>
			<MaxHitPoints>350</MaxHitPoints>
			<WorkToBuild>700</WorkToBuild>
		</statBases>
	</ThingDef>

	<ThingDef ParentName="ZenFountainBase" >
		<defName>ZEN_LargeFountain</defName>
		<label>large fountain</label>
		<description>A large decorative stone fountain.</description>
		<graphicData>
			<drawSize>(6,6)</drawSize>
		</graphicData>
		<costStuffCount>75</costStuffCount>
		<size>(3,3)</size>
		<statBases>
			<MaxHitPoints>700</MaxHitPoints>
			<WorkToBuild>1400</WorkToBuild>
			<Beauty>10</Beauty>
		</statBases>
	</ThingDef>


	<!--=============== Border Paths ===============-->


	<ThingDef ParentName="ZenBase">
		<defName>ZEN_BorderPath</defName>
		<label>border path</label>
		<description>A nice border for a walkway, path, or rock garden.</description>
		<graphicData>
			<texPath>Cupro/Object/Linked/BorderPath</texPath>
			<linkType>Basic</linkType>
			<linkFlags>
				<li>Custom4</li>
			</linkFlags>
		</graphicData>
		<coversFloor>true</coversFloor>
		<blueprintGraphicData>
			<texPath>Cupro/Object/Linked/BorderPathBlueprint</texPath>
		</blueprintGraphicData>
		<uiIconPath>Cupro/Object/Linked/BorderPathIcon</uiIconPath>
		<statBases>
			<WorkToBuild>180</WorkToBuild>
		</statBases>
		<placingDraggableDimensions>1</placingDraggableDimensions>
		<stuffCategories>
			<li>Stony</li>
		</stuffCategories>
		<costStuffCount>8</costStuffCount>
	</ThingDef>

	<ThingDef ParentName="ZenBase">
		<defName>ZEN_BorderPond</defName>
		<label>border pond</label>
		<description>A border path filled with a small amount of water. Very relaxing.</description>
		<graphicData>
			<texPath>Cupro/Object/Linked/BorderPond</texPath>
			<linkType>Basic</linkType>
			<linkFlags>
				<li>Custom5</li>
			</linkFlags>
		</graphicData>
		<coversFloor>true</coversFloor>
		<blueprintGraphicData>
			<texPath>Cupro/Object/Linked/BorderPathBlueprint</texPath>
		</blueprintGraphicData>
		<uiIconPath>Cupro/Object/Linked/BorderPondIcon</uiIconPath>
		<statBases>
			<WorkToBuild>180</WorkToBuild>
		</statBases>
		<placingDraggableDimensions>1</placingDraggableDimensions>
		<stuffCategories>
			<li>Stony</li>
		</stuffCategories>
		<costStuffCount>8</costStuffCount>
	</ThingDef>


	<!--=============== Raked Gravel ===============-->


	<ThingDef ParentName="RakedBase">
		<defName>ZEN_GravelCurve</defName>
		<label>curved gravel</label>
		<description>Designate a colonist to rake the below gravel into a curved pattern.</description>
		<graphicData>
			<texPath>Cupro/Object/GravelCurve</texPath>
		</graphicData>
		<uiIconPath>Cupro/Object/GravelCurve_MenuIcon</uiIconPath>
		<rotatable>true</rotatable>
	</ThingDef>

	<ThingDef ParentName="RakedBase">
		<defName>ZEN_GravelHoriz</defName>
		<label>horizontal gravel</label>
		<description>Designate a colonist to rake the below gravel into a horizontal pattern.</description>
		<graphicData>
			<texPath>Cupro/Object/GravelHoriz</texPath>
		</graphicData>
		<uiIconPath>Cupro/Object/GravelHoriz_MenuIcon</uiIconPath>
		<placingDraggableDimensions>1</placingDraggableDimensions>
	</ThingDef>

	<ThingDef ParentName="RakedBase">
		<defName>ZEN_GravelVert</defName>
		<label>vertical gravel</label>
		<description>Designate a colonist to rake the below gravel into a vertical pattern.</description>
		<graphicData>
			<texPath>Cupro/Object/GravelVert</texPath>
		</graphicData>
		<uiIconPath>Cupro/Object/GravelVert_MenuIcon</uiIconPath>
		<placingDraggableDimensions>1</placingDraggableDimensions>
	</ThingDef>

</Defs>






