<?xml version="1.0" encoding="utf-8" ?>
<Patch>

	<Operation Class="PatchOperationAdd">
		<success>Always</success>
		<xpath>/Defs/RecipeDef[defName="SRV_MakeVinegarJuice"]/ingredients/li/filter/thingDefs</xpath>
		<value>
			<li>ZEN_Cherries</li>
			<li>ZEN_Persimmon</li>
			<li>ZEN_Crabapples</li>
		</value>
		<order>Append</order>
	</Operation>
	
	<Operation Class="PatchOperationAdd">
		<success>Always</success>
		<xpath>/Defs/RecipeDef[defName="SRV_MakeVinegarJuice"]/fixedIngredientFilter/thingDefs</xpath>
		<value>
			<li>ZEN_Cherries</li>
			<li>ZEN_Persimmon</li>
			<li>ZEN_Crabapples</li>
		</value>
		<order>Append</order>
	</Operation>

</Patch>