<?xml version="1.0" encoding="utf-8" ?>
<Patch>

	<Operation Class="PatchOperationSequence">
		<success>Always</success>
		<operations>
			<li Class="ZenGarden.PatchOperationModDependent">
				<modName>Kura's Extra Minerals</modName>
			</li>
			<li Class="PatchOperationInsert">
				<xpath>/Defs/TerrainDef[@Name="ZEN_RoughBase"]</xpath>
				<order>Prepend</order>
				<value>
					<TerrainDef ParentName="ZEN_RoughBase">
						<defName>ZEN_GravelRoughEmperadordark</defName>
						<label>rough emperadordark gravel</label>
						<color>(72,46,38)</color>
						<costList>
							<BlocksEmperadordark>2</BlocksEmperadordark>
						</costList>
					</TerrainDef>	
					<TerrainDef ParentName="ZEN_RoughBase">
						<defName>ZEN_GravelRoughBlueschist</defName>
						<label>rough blueschist gravel</label>
						<color>(159,191,214)</color>
						<costList>
							<BlocksBlueschist>2</BlocksBlueschist>
						</costList>
					</TerrainDef>	
					<TerrainDef ParentName="ZEN_RoughBase">
						<defName>ZEN_GravelRoughSerpentinite</defName>
						<label>rough serpentinite gravel</label>
						<color>(60,96,58)</color>
						<costList>
							<BlocksSerpentinite>2</BlocksSerpentinite>
						</costList>
					</TerrainDef>	
					<TerrainDef ParentName="ZEN_RoughBase">
						<defName>ZEN_GravelRoughObsidian</defName>
						<label>rough obsidian gravel</label>
						<color>(30,30,30)</color>
						<costList>
							<BlocksObsidian>2</BlocksObsidian>
						</costList>
					</TerrainDef>	
					<TerrainDef ParentName="ZEN_RoughBase">
						<defName>ZEN_GravelRoughAnorthosite</defName>
						<label>rough anorthosite gravel</label>
						<color>(158,139,132)</color>
						<costList>
							<BlocksAnorthosite>2</BlocksAnorthosite>
						</costList>
					</TerrainDef>	
					<TerrainDef ParentName="ZEN_RoughBase">
						<defName>ZEN_GravelRoughBasalt</defName>
						<label>rough basalt gravel</label>
						<color>(73, 86, 69)</color>
						<costList>
							<BlocksBasalt>2</BlocksBasalt>
						</costList>
					</TerrainDef>	
					<TerrainDef ParentName="ZEN_RoughBase">
						<defName>ZEN_GravelRoughCharnockite</defName>
						<label>rough charnockite gravel</label>
						<color>(141,120,79)</color>
						<costList>
							<BlocksCharnockite>2</BlocksCharnockite>
						</costList>
					</TerrainDef>	
					<TerrainDef ParentName="ZEN_RoughBase">
						<defName>ZEN_GravelRoughDacite</defName>
						<label>rough dacite gravel</label>
						<color>(177,178,172)</color>
						<costList>
							<BlocksDacite>2</BlocksDacite>
						</costList>
					</TerrainDef>	
					<TerrainDef ParentName="ZEN_RoughBase">
						<defName>ZEN_GravelRoughLherzolite</defName>
						<label>rough lherzolite gravel</label>
						<color>(97,100,79)</color>
						<costList>
							<BlocksLherzolite>2</BlocksLherzolite>
						</costList>
					</TerrainDef>	
					<TerrainDef ParentName="ZEN_RoughBase">
						<defName>ZEN_GravelRoughMonzonite</defName>
						<label>rough monzonite gravel</label>
						<color>(193,184,186)</color>
						<costList>
							<BlocksMonzonite>2</BlocksMonzonite>
						</costList>
					</TerrainDef>	
					<TerrainDef ParentName="ZEN_RoughBase">
						<defName>ZEN_GravelRoughScoria</defName>
						<label>rough scoria gravel</label>
						<color>(87,80,73)</color>
						<costList>
							<BlocksScoria>2</BlocksScoria>
						</costList>
					</TerrainDef>	
					<TerrainDef ParentName="ZEN_RoughBase">
						<defName>ZEN_GravelRoughSovite</defName>
						<label>rough sovite gravel</label>
						<color>(187,181,135)</color>
						<costList>
							<BlocksSovite>2</BlocksSovite>
						</costList>
					</TerrainDef>	
					<TerrainDef ParentName="ZEN_RoughBase">
						<defName>ZEN_GravelRoughChalk</defName>
						<label>rough chalk gravel</label>
						<color>(220,220,220)</color>
						<costList>
							<BlocksChalk>2</BlocksChalk>
						</costList>
					</TerrainDef>	
					<TerrainDef ParentName="ZEN_RoughBase">
						<defName>ZEN_GravelRoughJaspillite</defName>
						<label>rough jaspillite gravel</label>
						<color>(208,103,84)</color>
						<costList>
							<BlocksJaspillite>2</BlocksJaspillite>
						</costList>
					</TerrainDef>	
					<TerrainDef ParentName="ZEN_RoughBase">
						<defName>ZEN_GravelRoughLignite</defName>
						<label>rough lignite gravel</label>
						<color>(82,72,70)</color>
						<costList>
							<BlocksLignite>2</BlocksLignite>
						</costList>
					</TerrainDef>	
					<TerrainDef ParentName="ZEN_RoughBase">
						<defName>ZEN_GravelRoughSiltstone</defName>
						<label>rough siltstone gravel</label>
						<color>(167,146,117)</color>
						<costList>
							<BlocksSiltstone>2</BlocksSiltstone>
						</costList>
					</TerrainDef>	
					<TerrainDef ParentName="ZEN_RoughBase">
						<defName>ZEN_GravelRoughMigmatite</defName>
						<label>rough migmatite gravel</label>
						<color>(136,146,155)</color>
						<costList>
							<BlocksMigmatite>2</BlocksMigmatite>
						</costList>
					</TerrainDef>	
				</value>
			</li>
		</operations>
	</Operation>
	
	<Operation Class="PatchOperationSequence">
		<success>Always</success>
		<operations>
			<li Class="ZenGarden.PatchOperationModDependent">
				<modName>Kura's Extra Minerals</modName>
			</li>
			<li Class="PatchOperationInsert">
				<xpath>/Defs/TerrainDef[@Name="ZEN_NormalBase"]</xpath>
				<order>Prepend</order>
				<value>
					<TerrainDef ParentName="ZEN_NormalBase">
						<defName>ZEN_GravelNormalEmperadordark</defName>
						<label>unraked emperadordark gravel</label>
						<color>(72,46,38)</color>
						<costList>
							<BlocksEmperadordark>2</BlocksEmperadordark>
						</costList>
					</TerrainDef>	
					<TerrainDef ParentName="ZEN_NormalBase">
						<defName>ZEN_GravelNormalBlueschist</defName>
						<label>unraked blueschist gravel</label>
						<color>(159,191,214)</color>
						<costList>
							<BlocksBlueschist>2</BlocksBlueschist>
						</costList>
					</TerrainDef>	
					<TerrainDef ParentName="ZEN_NormalBase">
						<defName>ZEN_GravelNormalSerpentinite</defName>
						<label>unraked serpentinite gravel</label>
						<color>(60,96,58)</color>
						<costList>
							<BlocksSerpentinite>2</BlocksSerpentinite>
						</costList>
					</TerrainDef>	
					<TerrainDef ParentName="ZEN_NormalBase">
						<defName>ZEN_GravelNormalObsidian</defName>
						<label>unraked obsidian gravel</label>
						<color>(30,30,30)</color>
						<costList>
							<BlocksObsidian>2</BlocksObsidian>
						</costList>
					</TerrainDef>	
					<TerrainDef ParentName="ZEN_NormalBase">
						<defName>ZEN_GravelNormalAnorthosite</defName>
						<label>unraked anorthosite gravel</label>
						<color>(158,139,132)</color>
						<costList>
							<BlocksAnorthosite>2</BlocksAnorthosite>
						</costList>
					</TerrainDef>	
					<TerrainDef ParentName="ZEN_NormalBase">
						<defName>ZEN_GravelNormalBasalt</defName>
						<label>unraked basalt gravel</label>
						<color>(73, 86, 69)</color>
						<costList>
							<BlocksBasalt>2</BlocksBasalt>
						</costList>
					</TerrainDef>	
					<TerrainDef ParentName="ZEN_NormalBase">
						<defName>ZEN_GravelNormalCharnockite</defName>
						<label>unraked charnockite gravel</label>
						<color>(141,120,79)</color>
						<costList>
							<BlocksCharnockite>2</BlocksCharnockite>
						</costList>
					</TerrainDef>	
					<TerrainDef ParentName="ZEN_NormalBase">
						<defName>ZEN_GravelNormalDacite</defName>
						<label>unraked dacite gravel</label>
						<color>(177,178,172)</color>
						<costList>
							<BlocksDacite>2</BlocksDacite>
						</costList>
					</TerrainDef>	
					<TerrainDef ParentName="ZEN_NormalBase">
						<defName>ZEN_GravelNormalLherzolite</defName>
						<label>unraked lherzolite gravel</label>
						<color>(97,100,79)</color>
						<costList>
							<BlocksLherzolite>2</BlocksLherzolite>
						</costList>
					</TerrainDef>	
					<TerrainDef ParentName="ZEN_NormalBase">
						<defName>ZEN_GravelNormalMonzonite</defName>
						<label>unraked monzonite gravel</label>
						<color>(193,184,186)</color>
						<costList>
							<BlocksMonzonite>2</BlocksMonzonite>
						</costList>
					</TerrainDef>	
					<TerrainDef ParentName="ZEN_NormalBase">
						<defName>ZEN_GravelNormalScoria</defName>
						<label>unraked scoria gravel</label>
						<color>(87,80,73)</color>
						<costList>
							<BlocksScoria>2</BlocksScoria>
						</costList>
					</TerrainDef>	
					<TerrainDef ParentName="ZEN_NormalBase">
						<defName>ZEN_GravelNormalSovite</defName>
						<label>unraked sovite gravel</label>
						<color>(187,181,135)</color>
						<costList>
							<BlocksSovite>2</BlocksSovite>
						</costList>
					</TerrainDef>	
					<TerrainDef ParentName="ZEN_NormalBase">
						<defName>ZEN_GravelNormalChalk</defName>
						<label>unraked chalk gravel</label>
						<color>(220,220,220)</color>
						<costList>
							<BlocksChalk>2</BlocksChalk>
						</costList>
					</TerrainDef>	
					<TerrainDef ParentName="ZEN_NormalBase">
						<defName>ZEN_GravelNormalJaspillite</defName>
						<label>unraked jaspillite gravel</label>
						<color>(208,103,84)</color>
						<costList>
							<BlocksJaspillite>2</BlocksJaspillite>
						</costList>
					</TerrainDef>	
					<TerrainDef ParentName="ZEN_NormalBase">
						<defName>ZEN_GravelNormalLignite</defName>
						<label>unraked lignite gravel</label>
						<color>(82,72,70)</color>
						<costList>
							<BlocksLignite>2</BlocksLignite>
						</costList>
					</TerrainDef>	
					<TerrainDef ParentName="ZEN_NormalBase">
						<defName>ZEN_GravelNormalSiltstone</defName>
						<label>unraked siltstone gravel</label>
						<color>(167,146,117)</color>
						<costList>
							<BlocksSiltstone>2</BlocksSiltstone>
						</costList>
					</TerrainDef>	
					<TerrainDef ParentName="ZEN_NormalBase">
						<defName>ZEN_GravelNormalMigmatite</defName>
						<label>unraked migmatite gravel</label>
						<color>(136,146,155)</color>
						<costList>
							<BlocksMigmatite>2</BlocksMigmatite>
						</costList>
					</TerrainDef>	
				</value>
			</li>
		</operations>
	</Operation>

</Patch>