<?xml version="1.0" encoding="utf-8" ?>
<Defs>
	
   <DesignationCategoryDef>
    <defName>ZEN_Decoration</defName>
    <label>Decoration</label>
    <description>Zen garden decorations.</description>
    <order>107</order>
    <specialDesignatorClasses>
      <li>Designator_Cancel</li>
	    <li>Designator_Deconstruct</li>
      <li>Designator_PlanAdd</li>
      <li>Designator_PlanRemove</li> 
      <li>Designator_SmoothFloor</li>
      <li>Designator_RemoveFloor</li>
    </specialDesignatorClasses>
  </DesignationCategoryDef>  
  
</Defs>